Commercial,3.97408025
Industrial,3.97408025
Residential 1,3.97408025
Residential 2,3.97408025
Residential 3,3.97408025
Charging Station 1,3.97408025
Charging Station 2,3.97408025
